{"format_version":"1.8.0","animations":{"animation.ashgreninja_spiderman.backquirk":{"loop":true,"animation_length":5.9583,"bones":{"upper_right":{"rotation":{"0.0":[0,36.46498,26.88751],"0.2917":{"pre":[0,36.46498,26.88751],"post":[0,37.45817,26.8875]},"0.4583":{"pre":[0,37.45817,26.8875],"post":[0,32.5,26.8875]},"0.5":[0,45.05075,26.8875],"0.9583":{"pre":[0,45.05075,26.8875],"post":[0,50,26.8875]},"1.0":{"pre":[0,50,26.8875],"post":[0,67.5,26.8875]},"1.4583":{"pre":[0,67.5,26.8875],"post":[0,50,26.8875]},"1.5":{"pre":[0,50,26.8875],"post":[0,36.46498,26.88751]}},"position":[-0.3,0.3,1.4]},"2p":{"rotation":{"0.0":[0,-35,0],"0.7083":{"pre":[0,-35,0],"post":[0,-37.5,0]},"0.75":[0,-15,0],"1.2083":{"pre":[0,-15,0],"post":[0,-15,0]},"1.25":{"pre":[0,-15,0],"post":[0,-35,0]}}},"3p":{"rotation":[0,-30,0]},"bone":{"rotation":[0,-15,0]},"upper_left":{"rotation":{"0.2917":[0,-67.5,-35],"0.75":{"pre":[0,-67.5,-35],"post":[0,-30.82594,-35]},"1.3333":{"pre":[0,-30.82594,-35],"post":[0,-30.82594,-35]},"1.375":[0,-47.72648,-35],"1.8333":{"pre":[0,-47.72648,-35],"post":[0,-50,-35]},"1.875":{"pre":[0,-50,-35],"post":[0,-67.5,-35]},"2.3333":{"pre":[0,-67.5,-35],"post":[0,-50,-35]},"2.375":{"pre":[0,-50,-35],"post":[0,-37.5,-35]}},"position":{"0.4167":[0,0,1.3],"0.75":[-0.3,0.3,1.4]}},"2p2":{"rotation":{"0.0":[0,37.5,0],"0.7083":[0,37.5,0],"0.75":[0,37.5,0],"1.2083":{"pre":[0,37.5,0],"post":[0,37.5,0]},"1.25":{"pre":[0,37.5,0],"post":[0,37.5,0]}}},"3p2":{"rotation":[0,30,0]},"bone2":{"rotation":[0,30,0]},"lower_left":{"rotation":{"0.0417":[0,-37.5,42.5],"0.2083":{"pre":[0,-37.5,42.5],"post":[0,-32.5,42.5]},"0.3333":{"pre":[0,-32.5,42.5],"post":[0,-29.14089,42.5]},"0.5417":{"pre":[0,-29.14089,42.5],"post":[0,-32.46527,42.5]},"0.7917":{"pre":[0,-32.46527,42.5],"post":[0,-32.5,42.5]},"0.8333":[0,-50,42.5],"1.0833":{"pre":[0,-50,42.5],"post":[0,-45.05075,42.5]},"1.2917":{"pre":[0,-45.05075,42.5],"post":[0,-50,42.5]},"1.3333":{"pre":[0,-50,42.5],"post":[0,-67.5,42.5]},"1.7917":{"pre":[0,-67.5,42.5],"post":[0,-50,42.5]},"1.8333":{"pre":[0,-50,42.5],"post":[0,-37.5,42.5]}},"position":[-0.3,0.3,1.4]},"2p3":{"rotation":{"0.0":[0,37.5,0],"0.7083":[0,37.5,0],"0.75":[0,15,0],"1.2083":{"pre":[0,15,0],"post":[0,15,0]},"1.25":{"pre":[0,15,0],"post":[0,35,0]}}},"3p3":{"rotation":[0,30,0]},"bone3":{"rotation":[0,15,0]},"lower_right":{"rotation":{"0.0":[0,37.5,-35],"0.1667":{"pre":[0,37.5,-35],"post":[0,14.63639,-35]},"0.25":{"pre":[0,14.63639,-35],"post":[0,14.0761,-35]},"0.3333":{"pre":[0,14.0761,-35],"post":[0,32.5,-35]},"0.5833":{"pre":[0,32.5,-35],"post":[0,27.73062,-35]},"0.9167":{"pre":[0,27.73062,-35],"post":[0,32.5,-35]},"0.9583":{"pre":[0,32.5,-35],"post":[0,50,-35]},"1.4167":{"pre":[0,50,-35],"post":[0,50,-35]},"1.4583":{"pre":[0,50,-35],"post":[0,67.5,-35]},"1.9167":{"pre":[0,67.5,-35],"post":[0,50,-35]},"1.9583":{"pre":[0,50,-35],"post":[0,37.5,-35]}},"position":[-0.3,0.3,1.4]},"2p4":{"rotation":{"0.0":[0,-37.5,0],"0.7083":[0,-37.5,0],"0.75":[0,-37.5,0],"1.2083":{"pre":[0,-37.5,0],"post":[0,-37.5,0]},"1.25":{"pre":[0,-37.5,0],"post":[0,-37.5,0]}}},"3p4":{"rotation":[0,-30,0]}}}}}