{"format_version":"1.8.0","animations":{"animation.haunter.ground_idle":{"loop":true,"bones":{"hand_right":{"rotation":[-15,0,-30]},"finger_right_index":{"rotation":[-45,-15,15]},"finger_right_index2":{"rotation":[30,0,0]},"finger_right_middle":{"rotation":[-45,0,0]},"finger_right_middle2":{"rotation":[30,0,0]},"finger_right_ring":{"rotation":[-45,15,-15]},"finger_right_ring2":{"rotation":[30,0,0]},"hand_right2":{"rotation":[15,0,0]},"hand_left":{"rotation":[-15,0,30]},"finger_left_index":{"rotation":[-45,15,-15]},"finger_left_index2":{"rotation":[30,0,0]},"finger_left_middle":{"rotation":[-45,0,0]},"finger_left_middle2":{"rotation":[30,0,0]},"finger_left_ring":{"rotation":[-45,-15,15]},"finger_left_ring2":{"rotation":[30,0,0]},"hand_left2":{"rotation":[15,0,0]},"glass_front":{"rotation":[0,0,0]}}},"animation.haunter.dozing":{"loop":true,"animation_length":5.375,"bones":{"body":{"rotation":[0,0,0],"position":{"0.0":[0,0,0],"0.5417":[0,0.16101,0],"0.875":[0,0.24684,0],"0.9167":[0,0.25,0],"1.125":[0,0.18048,0],"1.4583":[0,-0.17431,0],"1.5":[0,-0.2175,0],"1.5417":[0,-0.24603,0],"1.5833":[0,-0.25866,0],"1.9167":[0,-0.08,0],"1.9583":[0,1.50639,0],"2.0":[0,1.74811,0],"2.0417":[0,1.80234,0],"2.0833":[0,1.78152,0],"2.1667":[0,1.68696,0],"2.2083":[0,"1.4063+math.sin(q.anim_time * 360 * 1 + 0) * 1",0],"2.7917":[0,"-0.0626-math.sin(q.anim_time * 360 / 0.96 * 0.5 + 0) * 0.5",0],"4.875":[0,"-0.0626-math.sin(q.anim_time * 360 / 0.96 * 0.5 + 0) * 0.5",0]}},"torso":{"rotation":{"0.0":[0,0,0],"0.5417":[3.05889,0.03362,0],"1.0833":[6.4061,0.07042,0],"1.375":[8.05054,0.08849,0],"1.4167":[8.1875,0.09,0],"1.9167":[9.53438,0.125,0],"1.9583":[19.29438,"-2.6875+math.sin(q.anim_time * 360 * 2 / 0.36 + 0) * 10",0],"2.25":[-2.03125,"math.sin(q.anim_time * 360 * 2 / 0.36 + 0) * 10",0],"2.3333":[0,0.25,0],"2.4583":[-3.47875,5.8225,0],"2.6667":[-5.72875,11.47875,0],"2.875":[-12.125,12.4375,0],"3.125":[-12.71875,9.99995,0],"3.375":[-8.125,3.84375,0],"3.5":[-2.33375,-2.91375,0],"3.7083":[2.14,-4.10375,0],"4.125":[1.40625,0.83125,0],"4.5833":[0,-0.075,0]}},"glass_front":{"rotation":{"1.25":[-0.1875,0,0],"1.2917":[-0.06783,0,0],"1.3333":[0.21713,0,0],"1.375":[0.68918,0,0],"1.4167":[1.37234,0,0],"1.4583":[2.29781,0,0],"1.5":[3.50451,0,0],"1.5417":[5.04291,0,0],"1.5833":[6.9817,0,0],"1.625":[9.41367,0,0],"1.6667":[12.47514,0,0],"1.7083":[16.37547,0,0],"1.75":[21.46184,0,0],"1.7917":[28.36523,0,0],"1.8333":[38.21784,0,0],"1.875":[50,0,0],"1.9167":[49.85018,0,0],"1.9583":[49.40683,0,0],"2.0":[48.39677,0,0],"2.0417":[45.83616,0,0],"2.0833":[36.96875,0,0],"2.125":[30.7358,0,0],"2.1667":[28.67493,0,0],"2.2083":[27.8414,0,0],"2.25":[27.7,0,0],"2.2917":[28.03916,0,0],"2.3333":[28.75754,0,0],"2.375":[29.80879,0,0],"2.4167":[31.19,0,0],"2.4583":[33.49196,0,0],"2.5":[35.94343,0,0],"2.5417":[38.74487,0,0],"2.5833":[42.08576,0,0],"2.625":[46.24615,0,0],"2.6667":["63.969-math.sin(q.anim_time * 360 * 0.5 + 30) * 20",0,0],"2.875":[37.78625,0,0],"2.9583":["13.4375-math.sin(q.anim_time * 360 * 1 + 0) * 20",0,0],"3.0417":[-4.84375,0,0],"3.1667":[2.84375,0,0],"3.2917":[2.84375,0,0],"3.5417":[0,0,0]},"position":{"1.0":[0,0,0],"1.2917":[0,0,0.05337],"1.5":[0,0,0.19644],"1.5833":[0,0,0.29663],"1.625":[0,0,0.36111],"1.6667":[0,0,0.43859],"1.7083":[0,0,0.53341],"1.75":[0,0,0.65311],"1.7917":[0,0,0.81288],"1.8333":[0,0,1.05503],"1.875":[0,0,1.5625],"2.4167":[0,0,1.56508],"2.8333":[0,0,1.56],"2.875":[0,0,1.48719],"2.9167":[0,0,1.19606],"2.9583":[0,0,0.58958],"3.0":[0,0,0.11619],"3.0417":[0,0,0],"3.2083":[0,0,0]}},"tounge":{"position":{"1.0":[0,0,0],"1.875":[0,0,-3.8125],"2.1667":[0,0,0]}},"tounge2":{"rotation":{"1.5":[-2.5,0,0],"1.875":[10,0,0],"1.9583":[5,0,0]},"position":{"1.25":[0,0,0.40625],"1.875":[0,0,0],"2.1667":[0,0,0.40625]}},"tounge3":{"rotation":{"0.625":[90,0,0],"1.3333":[88.86,0,0],"1.625":[120,0,0],"1.875":[120,0,0],"1.9583":[80,0,0],"2.2083":[90,0,0]},"position":{"0.625":[0,0,2.655],"1.3333":[0,0,2.03125],"1.625":[0,0,-0.00125],"1.875":[0,0,-0.00125],"2.2083":[0,0,2.655]}},"eye_right":{"rotation":{"0.0":[0,0,0],"1.6667":[-3,0,0],"1.8333":[-3,0,0],"2.0":[0,0,0]},"position":{"1.1667":[0,0,0],"1.8333":[0.03,0,0.09],"2.0":[0,0.375,0],"2.125":[0,0.4975,0],"2.25":[0,0.3725,0],"2.375":[0,0,0],"2.7917":[0,0,0],"2.9167":[0,0.375,0],"3.0417":[0,0.47375,0],"3.125":[0,0.375,0],"3.3333":[0,0,0]},"scale":{"0.0":[1,1,1],"1.6667":[1,0.79375,1],"1.8333":[1,0.79375,1],"2.0":[1,1,1]}},"eye_left":{"rotation":{"0.0":[0,0,0],"1.6667":[-3,0,0],"1.8333":[-3,0,0],"2.0":[0,0,0]},"position":{"1.1667":[0,0,0],"1.8333":[-0.03,0,0.09],"2.0":[0,0.34375,0],"2.125":[0,0.4975,0],"2.25":[0,0.3725,0],"2.375":[0,0,0],"2.7917":[0,0,0],"2.9167":[0,0.375,0],"3.0417":[0,0.47375,0],"3.125":[0,0.375,0],"3.3333":[0,0,0]},"scale":{"0.0":[1,1,1],"1.6667":[1,0.79375,1],"1.8333":[1,0.79375,1],"2.0":[1,1,1]}},"hand_right":{"rotation":{"0.0833":[-15,0,-30],"0.5833":[-0.55125,0.63,-6.85],"0.8333":[2.46875,0.8125,0],"1.0417":[-0.2025,0.02,-5.2],"1.3333":[-8.58542,-1.09729,-12.48738],"1.875":[-1.53,-0.36,-7.96],"2.0833":[-64.93209,-17.90743,-27.10484],"2.2917":[-58.60375,-16.8375,-30.76125],"2.5417":[46.90804,16.40487,-78.501],"2.7083":[49.47054,1.15487,-70.5635],"3.0833":[60.54675,-25.39908,-108.72936],"3.2917":[41.07021,-25.73516,-75.048],"3.5":[-27.09375,0,-30],"3.6667":[-35.125,0,-30],"3.8333":[-26,0,-30],"4.1667":[-15.78125,0,-30],"4.3333":[-15,0,-30]},"position":{"0.0833":["-(math.sin(q.anim_time * 360 / 1.95 + 0) * 0.75)",0,0],"0.875":["-(math.sin(q.anim_time * 360 / 1.95 + 0) * 0.75)","0.375+(-0.625+math.sin(q.anim_time * 360 * 0.5 + 90) * 0.5) * - (-0.625+math.sin(q.anim_time * 360 * 0.5 + 90) * 0.5)",0],"1.9583":["-(math.sin(q.anim_time * 360 / 1.95 + 0) * 1)",-1.91375,0],"2.0833":[-1.64,0.1575,0],"2.5833":[0,"3.375+math.cos(q.anim_time * 360 * 1 - 100) * 1",-1.1875],"3.0":[-0.75125,"9.0023+math.sin(q.anim_time * 360 * 1 + 0) * 1",-1.19],"3.0417":[-0.75125,"9.0648+math.sin(q.anim_time * 360 * 1 + 0) * 1",-1.19],"3.3333":[-0.99125,6.22,-0.73],"3.4583":[-0.19,3.28,-0.32],"3.875":[0,"1.1563-math.sin(q.anim_time * 360 / 1.75 + 0) * 1.5",0],"5.2083":["-0.75-(math.sin(q.anim_time * 360 / 1.95 + 0) * 0.75)",0,0]}},"finger_right_index":{"rotation":{"0.0":[-45,-15,15],"0.0417":[-43.50281,-14.80411,14.59262],"0.0833":[-40.94485,-14.46944,13.8966],"0.125":[-38.01082,-14.08556,13.09825],"0.1667":[-34.87367,-13.67511,12.24463],"0.5":[-7.59717,-10.10635,4.82271],"0.625":[2.41659,-8.79619,2.09797],"0.6667":[5.55375,-8.38574,1.24435],"0.7083":[8.48777,-8.00186,0.44601],"0.75":[11.04573,-7.66718,-0.25001],"0.7917":[12.54292,-7.4713,-0.6574],"0.8333":[12.7966,-7.37577,-0.65842],"1.375":[18.9792,-4.98799,-0.67441],"1.7917":[23.67448,-3.03114,-0.66535],"1.9167":[24.72643,-2.48136,-0.64685],"1.9583":[24.7903,-2.33403,-0.62888],"2.125":[-22.6925,-8.875,-0.53],"2.375":[-26.6925,-8.875,-0.53],"2.5833":[12.5,0,0],"2.875":[32.19,0,0],"3.25":[17.5,0,0],"3.5":[-27.90625,-15,15],"3.75":[-44.84375,-15,15],"3.9583":[-46.34375,-15,15],"4.4583":[-42.8725,-15,15],"4.75":[-45.84375,-15,15]}},"finger_right_index2":{"rotation":{"0.0":[30,0,0],"0.0417":[29.47963,0,0],"0.0833":[28.59057,0,0],"0.5833":[14.65388,0,0],"0.7083":[11.40943,0,0],"0.75":[10.52037,0,0],"0.7917":[10,0,0],"0.8333":[10.2786,0,0],"1.375":[17.30644,0,0],"1.75":[22.1689,0,0],"1.8333":[23.02217,0,0],"1.875":[23.22,0,0],"1.9167":[23.25668,0,0],"2.4583":[26.87518,0,0],"2.5833":[27.5,0,0],"3.125":[27.5,0,0],"3.25":[27.5,0,0],"3.5":[30,0,0],"3.9583":[30,0,0],"4.5417":[27.6875,0,0],"4.75":[30,0,0]}},"finger_right_middle":{"rotation":{"0.0":[-45,0,0],"0.0417":[-43.43888,0,0],"0.0833":[-40.7717,0,0],"0.125":[-37.71239,0,0],"0.1667":[-34.44128,0,0],"0.5":[-6.00008,0,0],"0.625":[4.44128,0,0],"0.6667":[7.71239,0,0],"0.7083":[10.7717,0,0],"0.75":[13.43888,0,0],"0.7917":[15,0,0],"0.8333":[15.21171,0.00025,0.00005],"1.375":[20.41495,0.00499,0.00101],"1.7917":[24.25227,0.00514,0.00094],"1.875":[24.77091,0.00334,0.00054],"1.9167":[24.7903,0,0],"2.0833":[-22.6925,0,0.00125],"2.4167":[-26.9425,0,0.00125],