{"format_version":"1.8.0","animations":{"animation.sableye_mega.ground_walk":{"loop":true,"animation_length":3,"bones":{"body":{"position":{"0.0":[0,1,0],"0.25":[0,-0.3,0],"0.5":[0,1,0],"0.75":[0,-0.3,0],"1.0":[0,1,0],"1.25":[0,-0.3,0],"1.5":[0,1,0],"1.75":[0,-0.3,0],"2.0":[0,1,0],"2.25":[0,-0.3,0],"2.5":[0,1,0],"2.75":[0,-0.3,0],"3.0":[0,1,0]}},"torso":{"rotation":{"0.0":["32.4492-math.sin(q.anim_time*90*4*2)*2","7.4712+math.sin(q.anim_time*90*4*2+20)*2",-0.65847],"0.5":["-17.5349-math.sin(q.anim_time*90*4*2)*2","-7.4714+math.sin(q.anim_time*90*4*2+20)*2",0.65641],"1.0":["32.4492-math.sin(q.anim_time*90*4*2)*2","7.4712+math.sin(q.anim_time*90*4*2+20)*2",-0.65847],"1.5":["-17.5349-math.sin(q.anim_time*90*4*2)*2","-7.4714+math.sin(q.anim_time*90*4*2+20)*2",0.65641],"2.0":["32.4492-math.sin(q.anim_time*90*4*2)*2","7.4712+math.sin(q.anim_time*90*4*2+20)*2",-0.65847],"2.5":["-17.5349-math.sin(q.anim_time*90*4*2)*2","-7.4714+math.sin(q.anim_time*90*4*2+20)*2",0.65641],"3.0":["32.4492-math.sin(q.anim_time*90*4*2)*2","7.4712+math.sin(q.anim_time*90*4*2+20)*2",-0.65847]},"position":[0,0,0]},"arm_right":{"rotation":[17.19964,"-10.4167+(math.sin(q.anim_time*360)*30)",-46.73529]},"leg_right":{"rotation":{"0.0":[0,0,0],"0.25":[-37.5,0,0],"0.5":[0,0,0],"0.75":[37.5,0,0],"1.0":[0,0,0],"1.25":[-37.5,0,0],"1.5":[0,0,0],"1.75":[37.5,0,0],"2.0":[0,0,0],"2.25":[-37.5,0,0],"2.5":[0,0,0],"2.75":[37.5,0,0],"3.0":[0,0,0]}},"leg_right2":{"rotation":{"0.0":[80,0,0],"0.25":[0,0,0],"0.75":[0,0,0],"1.0":[80,0,0],"1.25":[0,0,0],"1.75":[0,0,0],"2.0":[80,0,0],"2.25":[0,0,0],"2.75":[0,0,0],"3.0":[80,0,0]}},"leg_left":{"rotation":{"0.0":[0,0,0],"0.25":[37.5,0,0],"0.5":[0,0,0],"0.75":[-37.5,0,0],"1.0":[0,0,0],"1.25":[37.5,0,0],"1.5":[0,0,0],"1.75":[-37.5,0,0],"2.0":[0,0,0],"2.25":[37.5,0,0],"2.5":[0,0,0],"2.75":[-37.5,0,0],"3.0":[0,0,0]}},"leg_left2":{"rotation":{"0.0":[0,0,0],"0.25":[0,0,0],"0.5":[80,0,0],"0.75":[0,0,0],"1.0":[0,0,0],"1.25":[0,0,0],"1.5":[80,0,0],"1.75":[0,0,0],"2.0":[0,0,0],"2.25":[0,0,0],"2.5":[80,0,0],"2.75":[0,0,0],"3.0":[0,0,0]}},"foot_right":{"rotation":{"0.0":[11.5,0,0],"0.25":[-12.5,0,0],"0.5":[0,0,0],"0.7083":[-30,0,0],"0.8333":[27.5,0,0],"1.0":[11.5,0,0],"1.25":[-12.5,0,0],"1.5":[0,0,0],"1.7083":[-30,0,0],"1.8333":[27.5,0,0],"2.0":[11.5,0,0],"2.25":[-12.5,0,0],"2.5":[0,0,0],"2.7083":[-30,0,0],"2.8333":[27.5,0,0],"3.0":[11.5,0,0]}},"foot_left":{"rotation":{"0.0":[0,0,0],"0.2083":[-30,0,0],"0.3333":[27.5,0,0],"0.75":[-12.5,0,0],"1.0":[0,0,0],"1.2083":[-30,0,0],"1.3333":[27.5,0,0],"1.75":[-12.5,0,0],"2.0":[0,0,0],"2.2083":[-30,0,0],"2.3333":[27.5,0,0],"2.75":[-12.5,0,0],"3.0":[0,0,0]}},"sableye":{"rotation":[7.5,0,0]},"sableye_mega":{"position":[0,-1,0]},"head":{"rotation":{"0.0":[-16.93839,4.46375,14.33501],"0.5":[-17.43745,-1.50179,-4.76968],"1.0":[-16.93839,4.46375,14.33501],"1.5":[-17.43745,-1.50179,-4.76968],"2.0":[-16.93839,4.46375,14.33501],"2.5":[-17.43745,-1.50179,-4.76968],"3.0":[-16.93839,4.46375,14.33501]},"position":[0,-1,0]},"arm_right2":{"rotation":[-70.5746,-58.52505,38.26042],"position":[0,-1,0]},"arm_left2":{"rotation":[-70.5746,58.52505,-38.26042],"position":[0,-1,0]},"arm_left":{"rotation":[17.19964,"10.4167+(math.sin(q.anim_time*360)*30)",46.73529]},"arm_left3":{"rotation":[3.09718,13.53132,40.0975],"position":[1,0,0]},"gem":{"rotation":{"0.0":[79.18268,33.90432,"86.7007-(math.sin(q.anim_time*360)*1)"],"0.5":[108.54519,25.91381,"111.8431-(math.sin(q.anim_time*360)*1)"],"1.0":[72.93416,31.48563,"75.1632-(math.sin(q.anim_time*360)*1)"],"1.5":[108.54519,25.91381,"111.8431-(math.sin(q.anim_time*360)*1)"],"2.0":[72.93416,31.48563,"75.1632-(math.sin(q.anim_time*360)*1)"],"2.5":[108.54519,25.91381,"111.8431-(math.sin(q.anim_time*360)*1)"],"3.0":[72.93416,31.48563,"75.1632-(math.sin(q.anim_time*360)*1)"]},"position":[-14,-2,6],"scale":[1.3,1,1.2]},"gem3":{"rotation":[72.03614,27.95638,75.73545],"position":[-4000000,0,12]}}},"animation.sableye_mega.ground_idle":{"loop":true,"animation_length":6.5,"bones":{"body":{"position":[0,-0.4,0]},"torso":{"rotation":[7.5,"1*(math.sin(q.anim_time*90*2.5-40)*3+1)","1*(math.sin(q.anim_time*90*2.5-40)*3+1)"],"position":[0,"-0.1*(math.sin(q.anim_time*90*2.5-90)*4+1)",0]},"chest":{"rotation":["15-(math.sin(q.anim_time*90*2.5-60)*4+1)",0,0]},"head":{"rotation":{"0.0":[4.95744,0.65182,-7.47178],"1.125":[4.98107,-0.43523,4.98107],"1.4583":[4.92583,1.6236,10.17733],"1.5":[5.17182,-0.38215,32.59023],"1.5417":[4.92583,1.6236,10.17733],"1.75":[4.92583,1.6236,10.17733],"1.7917":[4.06972,0.71545,-9.95593],"1.8333":[4.11649,0.35834,-4.96848],"3.3333":[4.06972,0.71545,-9.95593],"3.375":[4.06921,-0.71838,9.99312],"3.4167":[4.12817,0.1786,-2.47492],"3.4583":[4.95744,0.65182,-7.47178],"4.5":[4.99527,0.21782,-2.4905],"4.5417":[4.69986,1.70818,-19.9299],"4.5833":[4.76968,1.50179,-17.43745],"5.2083":[4.69986,1.70818,-19.9299],"5.25":[4.95744,0.65182,-7.47178],"5.875":[4.95944,-0.65423,7.47351],"5.9167":[4.72965,-1.49049,17.43936],"5.9583":[4.95744,0.65182,-7.47178]}},"arm_right":{"rotation":[-2.72226,-27.48715,0.60977]},"arm_right2":{"rotation":{"0.0":[-97.39491,-60.34648,-8.74051],"2.3333":[-97.39491,-60.34648,-8.74051],"2.375":[-57.29695,-37.55484,-64.94071],"2.4167":[-97.39491,-60.34648,-8.74051],"6.25":[-97.39491,-60.34648,-8.74051],"6.2917":[-134.01417,-21.93589,50.40973],"6.3333":[-97.39491,-60.34648,-8.74051]},"position":{"0.0":[1,-1,-1],"2.3333":[1,-1,-1],"2.375":[1,-1,-1],"2.4167":[1,-1,-1],"6.25":[1,-1,-1],"6.2917":[0,-1,-1],"6.3333":[1,-1,-1]}},"arm_left2":{"rotation":[0,75,0]},"leg_right":{"rotation":["-30-(math.sin(q.anim_time*90*2.5-90)*4+1)",20,0],"position":[0,"-0.1*(math.sin(q.anim_time*90*2.5-90)*1+1)","0.1*(math.sin(q.anim_time*90*2.5-90)*1+1)"]},"leg_right2":{"rotation":["45+(math.sin(q.anim_time*90*2.5-90)*4+1)",0,0]},"leg_left":{"rotation":["-30-(math.sin(q.anim_time*90*2.5-90)*4+1)",-20,0],"position":[0,"-0.1*(math.sin(q.anim_time*90*2.5-90)*1+1)","0.1*(math.sin(q.anim_time*90*2.5-90)*1+1)"]},"leg_left2":{"rotation":["45+(math.sin(q.anim_time*90*2.5-90)*4+1)",0,0]},"foot_right":{"rotation":[-15,0,0]},"foot_left":{"rotation":[-15,0,0]},"finger_right1":{"rotation":[0,0,"1*(math.sin(q.anim_time*260*1)*30+1)"]},"finger_right2":{"rotation":[0,0,"1*(math.sin(q.anim_time*270*1)*30+1)"]},"finger_right3":{"rotation":[0,0,"1*(math.sin(q.anim_time*280*1)*30+1)"]},"finger_left1":{"rotation":[0,0,"1*(math.sin(q.anim_time*260*1)*30+1)"]},"finger_left2":{"rotation":[0,0,"1*(math.sin(q.anim_time*270*1)*30+1)"]},"finger_left3":{"rotation":[0,0,"1*(math.sin(q.anim_time*280*1)*30+1)"]},"arm_left":{"rotation":{"0.0":["-7.8407+15*(math.sin(q.anim_time*120*1)*0.5+1)","4.8905+15*(math.sin(q.anim_time*90*1)*0.5+1)","-25.729+40*(math.sin(q.anim_time*90*1)*0.5+1)"],"1.4583":["15*(math.sin(q.anim_time*120*1)*0.5+1)","15*(math.sin(q.anim_time*90*1)*0.5+1)","40*(math.sin(q.anim_time*90*1)*0.5+1)"],"1.5":["-3.8352+15*(math.sin(q.anim_time*120*1)*0.5+1)","2.2703+15*(math.sin(q.anim_time*90*1)*0.5+1)","-10.4658+40*(math.sin(q.anim_time*90*1)*0.5+1)"],"1.5417":["15*(math.sin(q.anim_time*120*1)*0.5+1)","15*(math.sin(q.anim_time*90*1)*0.5+1)","40*(math.sin(q.anim_time*90*1)*0.5+1)"],"2.5":["15*(math.sin(q.anim_time*120*1)*0.5+1)","15*(math.sin(q.anim_time*90*1)*0.5+1)","40*(math.sin(q.anim_time*90*1)*0.5+1)"],"2.5417":["-1.297+15*(math.sin(q.anim_time*120*1)*0.5+1)","1.0723+15*(math.sin(q.anim_time*90*1)*0.5+1)","-7.5354+40*(math.sin(q.anim_time*90*1)*0.5+1)"],"2.5833":["-2.1775+15*(math.sin(q.anim_time*120*1)*0.5+1)","1.7829+15*(math.sin(q.anim_time*90*1)*0.5+1)","-12.5621+40*(math.sin(q.anim_time*90*1)*0.5+1)"],"6.5":["-14.4485+15*(math.sin(q.anim_time*120*1)*0.5+1)","11.7532+15*(math.sin(q.anim_time*90*1)*0.5+1)","-11.7573+40*(math.sin(q.anim_time*90*1)*0.5+1)"]}},"arm_left3":{"rotation":["17.0015-(math.sin(q.anim_time*90*2.5-60)*4+1)",33.0444,55.59054],"position":[0,0,-2]},"gem":{"rotation":[74.15167,4.00098,83.24325],"position":[-13,-2,11]}}}}}