{"format_version":"1.8.0","animations":{"animation.crawdaunt.pose":{"loop":true,"bones":{"body":{"rotation":[70,-22.5,0],"position":[0,16,3]},"torso2":{"rotation":[-35.01226,-0.44083,-0.48098]},"tail":{"rotation":[10,0,0]},"tail2":{"rotation":[17.1658,2.57594,-14.78217]},"torso":{"rotation":[-20.1577,-2.55868,7.05239]},"pinch_left":{"rotation":[4.88785,-51.7284,35.73356]},"pinch_left2":{"rotation":[-14.09343,-15.57137,8.58689]},"pinch_right":{"rotation":[0,27.5,0]},"pinch_right2":{"rotation":[-28.06681,11.06861,-5.84485]},"arm_right":{"rotation":[-10.92885,-50.62003,16.2609]},"arm_right2":{"rotation":[1.02275,-12.66997,-1.53772]},"claw_right":{"rotation":[-5.57321,9.38471,28.74121]},"claw_right2":{"rotation":[0,0,-50]},"leg_left":{"rotation":[-68.92713,21.09866,-23.78204]},"leg_left2":{"rotation":[30.19136,2,-12.71092]},"leg_right":{"rotation":[-68.92713,-21.0987,23.782]},"leg_right2":{"rotation":[30.19136,-2,12.7109]},"arm_left":{"rotation":[11.59906,-11.40567,14.74152]},"arm_left2":{"rotation":[-3.06232,15.3399,-4.60049]},"mouth":{"position":[0,-2,0]},"claw_left":{"rotation":[0,0,7.5]}}},"animation.crawdaunt.walk":{"loop":true,"bones":{"body":{"rotation":[71.24433,-1.19729,0.38268],"position":[0,16,3]},"torso2":{"rotation":[-35.01226,-0.44083,-0.48098]},"tail":{"rotation":["25+math.cos((q.anim_time-0.2)*360*1)*4",0,"math.cos((q.anim_time-0.2)*360*1)*4 * +math.cos((q.anim_time-0.4)*360*0.5)*4"]},"tail2":{"rotation":[17.1586,-2.62487,"1.9329+math.cos((q.anim_time-0.2)*360*1)*4 * +math.cos((q.anim_time-0.4)*360*0.5)*4"]},"torso":{"rotation":["-20.1577+math.cos((q.anim_time-0.4)*360*1)*4",-2.55868,"7.0524+math.cos((q.anim_time-0.4)*360*1)*4 * +math.cos((q.anim_time-0.3)*360*0.5)*4"]},"pinch_left":{"rotation":[3.31945,-24.29377,38.20757]},"pinch_left2":{"rotation":[-27.25206,21.14967,-29.28969]},"pinch_right":{"rotation":[0,5,0]},"pinch_right2":{"rotation":[-28.32159,-13.27207,7.05309]},"arm_right":{"rotation":[-8.28006,-33.35707,12.34712]},"arm_right2":{"rotation":[1.02275,-12.66997,-1.53772]},"claw_right":{"rotation":[-5.97308,-22.95927,31.98993]},"claw_right2":{"rotation":[0,0,"-30+math.cos((q.anim_time-0.43)*360*0.5)*15"]},"leg_left":{"rotation":["-68.9271+math.cos((q.anim_time-0.2)*360*0.5)*8","21.0987+math.cos((q.anim_time-0.2)*360*0.5)*8","-23.782+math.cos((q.anim_time-0.2)*360*0.5)*8"]},"leg_left2":{"rotation":["30.1914+math.cos((q.anim_time-0.2)*360*0.5)*8",2,-12.71092]},"leg_right":{"rotation":["-68.9271+math.cos((q.anim_time-0.2)*360*0.5)*8","-21.0987+math.cos((q.anim_time-0.2)*360*0.5)*8","23.782+math.cos((q.anim_time-0.2)*360*0.5)*8"]},"leg_right2":{"rotation":["30.1914-math.cos((q.anim_time-0.2)*360*0.5)*8",-2,12.7109]},"arm_left":{"rotation":[11.59906,-11.40567,14.74152]},"arm_left2":{"rotation":[-60.7883,51.38667,-77.64477]},"mouth":{"position":[0,-2,0]},"claw_left":{"rotation":[0,0,7.5]},"claw_left2":{"rotation":[0,0,"35+math.cos((q.anim_time-0.72)*360*0.5)*15"]}}},"animation.crawdaunt.idle":{"loop":true,"bones":{"body":{"rotation":[70,-22.5,0],"position":[0,16,3]},"torso2":{"rotation":[-35.01226,-0.44083,-0.48098]},"tail":{"rotation":["10-math.cos((q.anim_time-0.2)*360*0.5)*2",0,0]},"tail2":{"rotation":[17.1658,2.57594,-14.78217]},"torso":{"rotation":["-20.1577-math.cos((q.anim_time-0.2)*360*0.5)*2",-2.55868,7.05239]},"pinch_left":{"rotation":[1.17709,"7.4746+math.cos((q.anim_time-0.52)*360*0.5)*5",-10.13609]},"pinch_left2":{"rotation":[-14.12373,15.99784,0.76433]},"pinch_right":{"rotation":[0,"2.5-math.cos((q.anim_time-0.2)*360*0.5)*5",0]},"pinch_right2":{"rotation":[-28.62702,-15.46973,8.28342]},"arm_right":{"rotation":[-2.35613,-29.30011,"0.1532+math.cos((q.anim_time-0.3)*360*1)*5"]},"arm_right2":{"rotation":[1.02275,-12.66997,-1.53772]},"claw_right":{"rotation":[-7.81408,7.62605,13.67742]},"claw_right2":{"rotation":[0,0,"-32.5+math.cos((q.anim_time-0.52)*360*1)*5"]},"leg_left":{"rotation":[-68.92713,21.09866,-23.78204]},"leg_left2":{"rotation":[30.19136,2,-12.71092]},"leg_right":{"rotation":[-68.92713,-21.0987,23.782]},"leg_right2":{"rotation":[30.19136,-2,12.7109]},"arm_left":{"rotation":[-34.52664,-9.80741,"7.286+math.cos((q.anim_time-0.1)*360*1)*5"]},"arm_left2":{"rotation":[-3.06232,15.3399,-4.60049]},"mouth":{"position":[0,-2,0]},"claw_left":{"rotation":[0,0,7.5]},"claw_left2":{"rotation":[0,0,"30+math.cos((q.anim_time-0.3)*360*1)*5"]}}},"animation.crawdaunt.ground_walk":{"loop":true,"animation_length":4,"bones":{"body":{"rotation":[71.24433,-1.19729,0.38268],"position":[0,16,3]},"torso2":{"rotation":[-35.01226,-0.44083,-0.48098]},"tail":{"rotation":["25+math.cos((q.anim_time-0.2)*360*1)*4",0,"math.cos((q.anim_time-0.2)*360*1)*4 * +math.cos((q.anim_time-0.4)*360*0.5)*4"]},"tail2":{"rotation":[17.1586,-2.62487,"1.9329+math.cos((q.anim_time-0.2)*360*1)*4 * +math.cos((q.anim_time-0.4)*360*0.5)*4"]},"torso":{"rotation":["-20.1577+math.cos((q.anim_time-0.1)*360*1)*1",-2.55868,"7.0524+math.cos((q.anim_time-0.4)*360*1)*4 * +math.cos((q.anim_time-0.3)*360*0.5)*4"]},"pinch_left":{"rotation":[3.31945,-24.29377,38.20757]},"pinch_left2":{"rotation":[-27.25206,21.14967,-29.28969]},"pinch_right":{"rotation":[0,5,0]},"pinch_right2":{"rotation":[-28.32159,-13.27207,7.05309]},"arm_right":{"rotation":[-8.28006,-33.35707,12.34712]},"arm_right2":{"rotation":[1.02275,-12.66997,-1.53772]},"claw_right":{"rotation":[-5.97308,-22.95927,31.98993]},"claw_right2":{"rotation":[0,0,"-30+math.cos((q.anim_time-0.43)*360*0.5)*15"]},"leg_left":{"rotation":["-68.9271+math.cos((q.anim_time-0.2)*360*0.5)*8","21.0987+math.cos((q.anim_time-0.2)*360*0.5)*8","-23.782+math.cos((q.anim_time-0.2)*360*0.5)*8"]},"leg_left2":{"rotation":["30.1914+math.cos((q.anim_time-0.2)*360*0.5)*8",2,-12.71092]},"leg_right":{"rotation":["-68.9271+math.cos((q.anim_time-0.2)*360*0.5)*8","-21.0987+math.cos((q.anim_time-0.2)*360*0.5)*8","23.782+math.cos((q.anim_time-0.2)*360*0.5)*8"]},"leg_right2":{"rotation":["30.1914-math.cos((q.anim_time-0.2)*360*0.5)*8",-2,12.7109]},"arm_left":{"rotation":[11.59906,-11.40567,14.74152]},"arm_left2":{"rotation":[-60.7883,51.38667,-77.64477]},"mouth":{"position":[0,0,0]},"claw_left":{"rotation":[0,0,7.5]},"claw_left2":{"rotation":[0,0,"35+math.cos((q.anim_time-0.72)*360*0.5)*15"]},"crawdaunt":{"position":[0,0,"-q.anim_time*5"]}}},"animation.crawdaunt.ground_idle":{"loop":true,"bones":{"body":{"rotation":[70,-22.5,0],"position":[0,16,3]},"torso2":{"rotation":[-35.01226,-0.44083,-0.48098]},"tail":{"rotation":["10-math.cos((q.anim_time-0.2)*360*0.5)*2",0,0]},"tail2":{"rotation":[17.1658,2.57594,-14.78217]},"torso":{"rotation":["-20.1577-math.cos((q.anim_time-0.2)*360*0.5)*2",-2.55868,7.05239]},"pinch_left":{"rotation":[1.17709,"7.4746+math.cos((q.anim_time-0.52)*360*0.5)*5",-10.13609]},"pinch_left2":{"rotation":[-14.12373,15.99784,0.76433]},"pinch_right":{"rotation":[0,"2.5-math.cos((q.anim_time-0.2)*360*0.5)*5",0]},"pinch_right2":{"rotation":[-28.62702,-15.46973,8.28342]},"arm_right":{"rotation":[-2.35613,-29.30011,"0.1532+math.cos((q.anim_time-0.3)*360*1)*5"]},"arm_right2":{"rotation":[1.02275,-12.66997,-1.53772]},"claw_right":{"rotation":[-7.81408,7.62605,13.67742]},"claw_right2":{"rotation":[0,0,"-32.5+math.cos((q.anim_time-0.52)*360*1)*5"]},"leg_left":{"rotation":[-68.92713,21.09866,-23.78204]},"leg_left2":{"rotation":[30.19136,2,-12.71092]},"leg_right":{"rotation":[-68.92713,-21.0987,23.782]},"leg_right2":{"rotation":[30.19136,-2,12.7109]},"arm_left":{"rotation":[-34.52664,-9.80741,"7.286+math.cos((q.anim_time-0.1)*360*1)*5"]},"arm_left2":{"rotation":[-3.06232,15.3399,-4.60049]},"mouth":{"position":[0,0,0]},"claw_left":{"rotation":[0,0,7.5]},"claw_left2":{"rotation":[0,0,"30+math.cos((q.anim_time-0.3)*360*1)*5"]}}},"animation.crawdaunt.blink":{"animation_length":0.25,"bones":{"eyelid_left":{"position":{"0.0":[0,0,0],"0.125":[0,0,0],"0.1667":[1,0,0]}},"eyelid_right":{"position":{"0.0":[0,0,0],"0.125":[0,0,0],"0.1667":[-1,0,0]}}}}}}