{"format_version":"1.8.0","animations":{"animation.darmanitangalar.ground_idle":{"loop":true,"animation_length":1.04,"override_previous_animation":true,"bones":{"shoulder_right":{"rotation":{"0.0":[0,0,0],"0.12":[2.77,0,0],"0.4":[27.69,0,0],"0.52":[30,0,0],"0.88":[2.5,0,0],"1.0":[0,0,0]}},"forearm_right":{"rotation":{"0.0":[0,0,0],"0.12":[-5.54,0,0],"0.4":[-55.38,0,0],"0.52":[-60,0,0],"0.88":[-5,0,0],"1.0":[0,0,0]}},"hand_right":{"rotation":{"0.0":[0,0,0],"0.12":[2.08,0,0],"0.4":[20.77,0,0],"0.52":[22.5,0,0],"0.88":[1.88,0,0],"1.0":[0,0,0]}},"shoulder_left":{"rotation":{"0.0":[0,0,0],"0.12":[2.77,0,0],"0.4":[27.69,0,0],"0.52":[30,0,0],"0.88":[2.5,0,0],"1.0":[0,0,0]}},"forearm_left":{"rotation":{"0.0":[0,0,0],"0.12":[-5.54,0,0],"0.4":[-55.38,0,0],"0.52":[-60,0,0],"0.88":[-5,0,0],"1.0":[0,0,0]}},"hand_left":{"rotation":{"0.0":[0,0,0],"0.12":[2.08,0,0],"0.4":[20.77,0,0],"0.52":[22.5,0,0],"0.88":[1.88,0,0],"1.0":[0,0,0]}},"hip_left":{"rotation":{"0.0":[0,0,0],"0.12":[0.46,0,0],"0.4":[4.62,0,0],"0.52":[5,0,0],"0.88":[0.42,0,0],"1.0":[0,0,0]}},"calf_left":{"rotation":{"0.0":[0,0,0],"0.12":[0.92,0,0],"0.4":[9.23,0,0],"0.52":[10,0,0],"0.88":[0.83,0,0],"1.0":[0,0,0]}},"foot_left":{"rotation":{"0.0":[0,0,0],"0.12":[-1.85,0,0],"0.4":[-18.46,0,0],"0.52":[-20,0,0],"0.88":[-1.67,0,0],"1.0":[0,0,0]}},"hip_right":{"rotation":{"0.0":[0,0,0],"0.12":[0.46,0,0],"0.4":[4.62,0,0],"0.52":[5,0,0],"0.88":[0.42,0,0],"1.0":[0,0,0]}},"calf_right":{"rotation":{"0.0":[0,0,0],"0.12":[0.92,0,0],"0.4":[9.23,0,0],"0.52":[10,0,0],"0.88":[0.83,0,0],"1.0":[0,0,0]}},"foot_right":{"rotation":{"0.0":[0,0,0],"0.12":[-1.85,0,0],"0.4":[-18.46,0,0],"0.52":[-20,0,0],"0.88":[-1.67,0,0],"1.0":[0,0,0]}},"torso":{"rotation":{"0.0":[0,0,0],"0.12":[0.46,0,0],"0.4":[4.62,0,0],"0.52":[5,0,0],"0.88":[0.42,0,0],"1.0":[0,0,0]},"position":{"0.0":[0,0,0],"0.12":[0,-0.09,-0.28],"0.4":[0,-0.92,-2.77],"0.52":[0,-1,-3],"0.88":[0,-0.08,-0.25],"1.0":[0,0,0]}}}},"animation.darmanitangalar.ground_walk":{"loop":true,"animation_length":1.08,"override_previous_animation":true,"bones":{"shoulder_right":{"rotation":{"0.0":[40.95196,-8.114,23.6619],"0.24":[11.73,-4.06,11.83],"0.52":[-7.5,0,0],"0.8":[11.73,-4.06,11.83],"1.08":[40.95196,-8.114,23.6619]}},"forearm_right":{"rotation":{"0.0":[-66.30993,-25.6589,-16.1021],"0.24":[-75.655,-12.8295,-8.0511],"0.52":[0,0,0],"0.8":[-43.15497,-12.8295,-8.0511],"1.08":[-66.30993,-25.6589,-16.1021]}},"hand_right":{"rotation":{"0.0":[18.05428,6.6682,15.0326],"0.24":[9.03,3.33,7.52],"0.52":[0,0,0],"0.8":[15.91548,9.7891,-1.6571],"1.08":[18.05428,6.6682,15.0326]}},"shoulder_left":{"rotation":{"0.0":[-7.5,0,0],"0.24":[11.73,4.06,-11.83],"0.52":[40.95196,8.11403,-23.66187],"0.8":[16.73,4.06,-11.83],"1.08":[-7.5,0,0]}},"forearm_left":{"rotation":{"0.0":[0,0,0],"0.24":[-43.15497,12.82945,8.05106],"0.52":[-66.30993,25.65891,16.10211],"0.8":[-75.65497,12.82945,8.05106],"1.08":[0,0,0]}},"hand_left":{"rotation":{"0.0":[0,0,0],"0.24":[15.91548,-9.78908,1.65708],"0.52":[18.05428,-6.66818,-15.03259],"0.8":[9.03,-3.33,-7.52],"1.08":[0,0,0]}},"hip_left":{"rotation":{"0.0":[17.5,0,0],"0.24":[-17.5,0,0],"0.52":[-22.5,0,0],"1.08":[17.5,0,0]}},"calf_left":{"rotation":{"0.0":[-10,0,0],"0.24":[41.25,0,0],"0.52":[2.5,0,0],"1.08":[-10,0,0]}},"foot_left":{"rotation":{"0.0":[10,0,0],"0.24":[38.75,0,0],"0.44":[0,0,0],"0.48":[12.5,0,0],"1.08":[10,0,0]}},"hip_right":{"rotation":{"0.0":[-22.5,0,0],"0.52":[17.5,0,0],"0.8":[-17.5,0,0],"1.08":[-22.5,0,0]}},"calf_right":{"rotation":{"0.0":[2.5,0,0],"0.52":[-10,0,0],"0.8":[41.25,0,0],"1.08":[2.5,0,0]}},"foot_right":{"rotation":{"0.0":[12.5,0,0],"0.52":[10,0,0],"0.8":[38.75,0,0],"1.0":[0,0,0],"1.04":[12.5,0,0]}},"torso":{"rotation":{"0.0":[7.51893,-0.43523,-4.98107],"0.16":[7.5,-0.07,-0.83],"0.24":[7.5,0,0],"0.44":[7.52,0.37,4.27],"0.52":[7.51893,0.43523,4.98107],"0.72":[7.5,0.06,0.71],"0.8":[7.5,0,0],"1.0":[7.52,-0.37,-4.27],"1.08":[7.51893,-0.43523,-4.98107]},"position":{"0.0":[-1.6,-0.4,-2],"0.16":[-0.27,-0.07,-1.17],"0.24":[0,0,-1],"0.44":[1.37,-0.34,-1.86],"0.52":[1.6,-0.4,-2],"0.72":[0.23,-0.06,-1.14],"0.8":[0,0,-1],"1.0":[-1.37,-0.34,-1.86],"1.08":[-1.6,-0.4,-2]}}}},"animation.darmanitangalar.cry":{"animation_length":1.25,"override_previous_animation":true,"bones":{"pupil_left":{"position":{"0.0":[0,0,0],"0.125":[0,0.2,0],"1.0833":[0,0.2,0],"1.25":[0,0,0]}},"pupil_right":{"position":{"0.0":[0,0,0],"0.125":[0,0.2,0],"1.0833":[0,0.2,0],"1.25":[0,0,0]}},"eyebrow_left":{"position":{"0.0":[0,0,0],"0.125":[-0.8,-1.4,0],"1.0833":[-0.8,-1.4,0],"1.25":[0,0,0]}},"eyebrow_right":{"position":{"0.0":[0,0,0],"0.125":[0.8,-1.4,0],"1.0833":[0.8,-1.4,0],"1.25":[0,0,0]}},"shoulder_right":{"rotation":{"0.0":[0,0,0],"0.0417":[-11.66667,0,9.16667],"0.125":[-5,0,27.5],"0.25":[-12.47766,1.1541,29.7178],"0.375":[-5,0,27.5],"0.5":[-12.47766,1.1541,29.7178],"0.5833":[-5,0,27.5],"0.7083":[-12.47766,1.1541,29.7178],"0.8333":[-5,0,27.5],"0.9583":[-12.47766,1.1541,29.7178],"1.0833":[-5,0,27.5],"1.25":[0,0,0]}},"forearm_right":{"rotation":{"0.0":[0,0,0],"0.125":[-7.5,0,-17.5],"0.25":[7.49294,0.3262,-19.9786],"0.375":[-7.5,0,-17.5],"0.5":[7.49294,0.3262,-19.9786],"0.5833":[-7.5,0,-17.5],"0.7083":[7.49294,0.3262,-19.9786],"0.8333":[-7.5,0,-17.5],"0.9583":[7.49294,0.3262,-19.9786],"1.0833":[-7.5,0,-17.5],"1.25":[0,0,0]}},"hand_right":{"rotation":{"0.0":[0,0,0],"0.125":[-2.5,0,-12.5],"0.25":[-15,0,-12.5],"0.375":[-2.5,0,-12.5],"0.5":[-15,0,-12.5],"0.5833":[-2.5,0,-12.5],"0.7083":[-15,0,-12.5],"0.8333":[-2.5,0,-12.5],"0.9583":[-15,0,-12.5],"1.0833":[-2.5,0,-12.5],"1.25":[0,0,0]}},"shoulder_left":{"rotation":{"0.0":[0,0,0],"0.0417":[-11.66667,0,-9.16667],"0.125":[-5,0,-27.5],"0.25":[-12.47766,-1.15408,-29.71783],"0.375":[-5,0,-27.5],"0.5":[-12.47766,-1.15408,-29.71783],"0.5833":[-5,0,-27.5],"0.7083":[-12.47766,-1.15408,-29.71783],"0.8333":[-5,0,-27.5],"0.9583":[-12.47766,-1.15408,-29.71783],"1.0833":[-5,0,-27.5],"1.25":[0,0,0]}},"forearm_left":{"rotation":{"0.0":[0,0,0],"0.125":[-7.5,0,17.5],"0.25":[7.49294,-0.32621,19.97864],"0.375":[-7.5,0,17.5],"0.5":[7.49294,-0.32621,19.97864],"0.5833":[-7.5,0,17.5],"0.7083":[7.49294,-0.32621,19.97864],"0.8333":[-7.5,0,17.5],"0.9583":[7.49294,-0.32621,19.97864],"1.0833":[-7.5,0,17.5],"1.25":[0,0,0]}},"hand_left":{"rotation":{"0.0":[0,0,0],"0.125":[-2.5,0,12.5],"0.25":[-15,0,12.5],"0.375":[-2.5,0,12.5],"0.5":[-15,0,12.5],"0.5833":[-2.5,0,12.5],"0.7083":[-15,0,12.5],"0.8333":[-2.5,0,12.5],"0.9583":[-15,0,12.5],"1.0833":[-2.5,0,12.5],"1.25":[0,0,0]}},"hip_left":{"rotation":{"0.0":[0,0,0],"0.125":[27.5,0,0],"1.0833":[27.5,0,0],"1.25":[0,0,0]}},"calf_left":{"rotation":{"0.0":[0,0,0],"0.125":[-20,0,0],"0.25":[-25,0,0],"0.375":[-20,0,0],"0.5":[-25,0,0],"0.5833":[-20,0,0],"0.7083":[-25,0,0],"0.8333":[-20,0,0],"0.9583":[-25,0,0],"1.0833":[-20,0,0],"1.25":[0,0,0]}},"foot_left":{"rotation":{"0.0":[0,0,0],"0.125":[-15,0,0],"1.0833":[-15,0,0],"1.25":[0,0,0]}},"mouth_open":{"position":{"0.0":[0,0,0],"0.125":[0,0,-1],"1.0833":[0,0,-1],"1.25":[0,0,0]}},"hip_right":{"rotation":{"0.0":[0,0,0],"0.125":[27.5,0,0],"1.0833":[27.5,0,0],"1.25":[0,0,0]}},"calf_right":{"rotation":{"0.0":[0,0,0],"0.125":[-20,0,0],"0.25":[-25,0,0],"0.375":[-20,0,0],"0.5":[-25,0,0],"0.5833":[-20,0,0],"0.7083":[-25,0,0],"0.8333":[-20,0,0],"0.9583":[-25,0,0],"1.0833":[-20,0,0],"1.25":[0,0,0]}},"foot_right":{"rotation":{"0.0":[0,0,0],"0.125":[-15,0,0],"1.0833":[-15,0,0],"1.25":[0,0,0]}},"torso":{"rotation":{"0.0":[0,0,0],"0.0417":[6.67,0,0],"0.125":[10,0,0],"0.25":[12.5,0,0],"0.375":[10,0,0],"0.5":[12.5,0,0],"0.5833":[10,0,0],"0.7083":[12.5,0,0],"0.8333":[10,0,0],"0.9583":[12.5,0,0],"1.0833":[10,0,0],"1.25":[0,0,0]},"position":{"0.0":[0,0,0],"0.0417":[0,-0.67,-4.73],"0.125":[0,-1,-7.1],"1.0833":[0,-1,-7.1],"1.25":[0,0,0]}}},"sound_effects":{"0.0417":{"effect":"pokemon.darmanitan.cry"}}}}}