{"format_version":"1.8.0","animations":{"animation.dunsparce.ground_idle":{"loop":true,"animation_length":2.33333,"bones":{"Head":{"rotation":{"0.0417":[0,0,0],"1.375":[0,11,0],"1.4167":[0,11,0],"2.2917":[0,0,0]},"position":{"0.5":{"pre":[0,0,0],"post":[0,0,0]},"0.5417":[0,0,0]}},"body":{"rotation":{"0.25":[0,0,0],"1.0":[0,0,0]},"position":{"0.125":[0,0,0],"0.5417":[0,0,0]}},"wings":{"rotation":{"0.0417":[0,0,0],"0.5":[-1,0,0],"0.5833":[-0.96,0,0],"0.7917":[0,0,0],"1.0417":[-0.25,0,-3],"1.25":[0,0,0],"1.5":[-1,0,0],"1.5833":[-1,0,0],"2.0":[0,0,0]}},"tail":{"rotation":{"0.0417":[0,0,0],"1.375":[0,4,0],"1.4167":[0,4,0],"2.3333":[0,0.02,0]}},"wings2":{"relative_to":{"rotation":"entity"},"rotation":{"0.0417":[0,0,0.01],"0.5":[1,0,0],"0.5833":[1,0,0],"0.7917":[0,0,0.01],"1.0417":[0.29506,-0.02581,3.27461],"1.2917":[0,0,0.01],"1.5":[1,0,0],"1.5833":[1,0,0],"2.0":[0,0,0.01]},"scale":1}}}}}