{"format_version":"1.8.0","animations":{"animation.rellor.pose":{"loop":true,"bones":{"body":{"rotation":[29.62507,-11.15065,-0.64325],"position":[5,-6,11]},"belly":{"rotation":[5,0,0]},"head":{"rotation":[-17.54624,-4.88119,1.08482]},"arm_left":{"rotation":[-354.24177,49.46819,-255.81997]},"arm_left2":{"rotation":[0.65666,-9.91428,2.40057]},"arm_right":{"rotation":[-127.4519,-45.97382,-321.15548]},"arm_right2":{"rotation":[25,-67.5,0]},"arm_right3":{"rotation":[0,-37.5,-195],"position":[-0.45,0,0]},"leg_left":{"rotation":[-119.9063,-53.30952,35.06975]},"leg_left2":{"rotation":[104.22752,-8.14554,1.62311]},"claws_left":{"rotation":[60,0,0]},"leg_right":{"rotation":[-158.18183,40.36537,-18.20543]},"leg_right2":{"rotation":[127.5,0,0]},"claws_right":{"rotation":[-15,0,0]},"ball":{"rotation":[0,-90,0],"position":[0,0,0]}}}}}