{"format_version":"1.8.0","animations":{"animation.tapulele.ground_walk":{"loop":true,"animation_length":2,"bones":{"tapulele":{"rotation":{"0.0":[15,0,0],"0.2917":[20,0,0],"0.5417":[22.5,0,0],"0.8333":[20,0,0],"1.125":[17.5,0,0],"2.0":[15,0,0]},"position":{"0.0":[0,0,0],"0.3333":[0,-1.22,-1.78],"0.75":[0,-4,-3],"1.25":[0,-4,0],"2.0":[0,0,0]}},"leftarm":{"rotation":[60.05572,24.80525,45.71941]},"bone":{"rotation":[76.04752,51.22822,-27.62815]},"leftarm2":{"rotation":[117.80607,-152.77864,129.40873]},"bone2":{"rotation":[25.99352,-47.13536,-25.76784]},"shell":{"rotation":[17.5,0,0]},"bone5":{"rotation":{"0.0":[0,0,0],"0.5":[-2.5,0,0],"1.5":[9.17,0,0],"2.0":[0,0,0]}},"bone6":{"rotation":[36.22709,-28.57693,-8.66044]},"bone8":{"rotation":[-4.49928,20.83357,-14.53547]},"lefthair":{"rotation":{"0.0":[0,0,0],"0.7083":[-15,0,0],"1.2917":[-2.5,0,0],"2.0":[0,0,0]}},"righthair":{"rotation":{"0.0":[0,0,0],"0.7083":[-15,0,0],"1.2917":[-2.5,0,0],"2.0":[0,0,0]}},"bone7":{"rotation":{"0.0":[0,0,0],"0.5":[12.5,0,0],"1.5":[14.17,0,0],"2.0":[0,0,0]}}}},"animation.tapulele.ground_idle":{"loop":true,"animation_length":2,"bones":{"tapulele":{"rotation":[0,0,0],"position":{"0.0":[0,0,0],"0.3333":[0,-1.22,-1.78],"0.75":[0,-4,-3],"1.25":[0,-4,0],"2.0":[0,0,0]}},"leftarm":{"rotation":[60.05572,24.80525,45.71941]},"bone":{"rotation":[76.04752,51.22822,-27.62815]},"leftarm2":{"rotation":[117.80607,-152.77864,129.40873]},"bone2":{"rotation":[25.99352,-47.13536,-25.76784]},"shell":{"rotation":[17.5,0,0]},"bone5":{"rotation":{"0.0":[0,0,0],"0.5":[-2.5,0,0],"1.5":[9.17,0,0],"2.0":[0,0,0]}},"bone6":{"rotation":[36.22709,-28.57693,-8.66044]},"bone8":{"rotation":[-4.49928,20.83357,-14.53547]},"lefthair":{"rotation":{"0.0":[0,0,0],"0.7083":[-15,0,0],"1.2917":[-2.5,0,0],"2.0":[0,0,0]}},"righthair":{"rotation":{"0.0":[0,0,0],"0.7083":[-15,0,0],"1.2917":[-2.5,0,0],"2.0":[0,0,0]}},"bone7":{"rotation":{"0.0":[0,0,0],"0.5":[12.5,0,0],"1.5":[14.17,0,0],"2.0":[0,0,0]}}}}},"geckolib_format_version":2}